code,origin,destination,connections,carrier
US,DFW,PHX,288,US Airways Inc.
US,SAN,PHL,112,US Airways Inc.
US,SNA,PHX,320,US Airways Inc.
US,TUS,PHX,96,US Airways Inc.
US,DFW,PHL,256,US Airways Inc.
US,SAN,PHX,344,US Airways Inc.
US,IND,PHX,112,US Airways Inc.
US,EWR,CLT,432,US Airways Inc.
US,CLT,LAX,224,US Airways Inc.
US,BWI,CLT,470,US Airways Inc.
US,DCA,RSW,80,US Airways Inc.
US,ONT,PHX,272,US Airways Inc.
US,CLT,LAS,280,US Airways Inc.
US,PHL,RSW,192,US Airways Inc.
US,CLT,MCI,160,US Airways Inc.
US,MSY,PHL,100,US Airways Inc.
US,EWR,PHX,168,US Airways Inc.
US,PHL,RDU,232,US Airways Inc.
US,PBI,DCA,164,US Airways Inc.
US,PHL,PIT,188,US Airways Inc.
US,SJC,PHX,276,US Airways Inc.
US,CLT,IAD,56,US Airways Inc.
US,PHL,PHX,336,US Airways Inc.
US,CLT,LGA,500,US Airways Inc.
US,FLL,DCA,212,US Airways Inc.
US,DCA,PHL,76,US Airways Inc.
US,SYR,DCA,48,US Airways Inc.
US,PHX,SAT,56,US Airways Inc.
US,FLL,PHL,280,US Airways Inc.
US,DAB,CLT,32,US Airways Inc.
US,TPA,CLT,448,US Airways Inc.
US,TPA,PHX,120,US Airways Inc.
US,LAS,BOS,54,US Airways Inc.
US,PHL,SJU,200,US Airways Inc.
US,STT,PHL,56,US Airways Inc.
US,DEN,PHX,288,US Airways Inc.
US,BDL,PHL,48,US Airways Inc.
US,OGG,PHX,56,US Airways Inc.
US,DCA,LAS,56,US Airways Inc.
US,PHL,TPA,274,US Airways Inc.
US,CLT,MHT,32,US Airways Inc.
US,BUR,PHX,112,US Airways Inc.
US,PHX,LAS,554,US Airways Inc.
US,SYR,PHL,48,US Airways Inc.
US,BNA,CLT,160,US Airways Inc.
US,RDU,CLT,390,US Airways Inc.
US,LAS,DFW,142,US Airways Inc.
US,PHX,FLL,112,US Airways Inc.
US,PHX,ELP,33,US Airways Inc.
US,BOS,CLT,498,US Airways Inc.
US,CLT,DTW,204,US Airways Inc.
US,SFO,PHX,288,US Airways Inc.
US,RNO,PHX,241,US Airways Inc.
US,PHX,STL,168,US Airways Inc.
US,PIT,PHX,114,US Airways Inc.
US,DCA,JAX,100,US Airways Inc.
US,PHL,SFO,168,US Airways Inc.
US,PIT,CLT,444,US Airways Inc.
US,CLT,STT,64,US Airways Inc.
US,SFO,LAS,104,US Airways Inc.
US,PHX,KOA,56,US Airways Inc.
US,JAX,CLT,336,US Airways Inc.
US,PHL,PBI,168,US Airways Inc.
US,PHX,ANC,56,US Airways Inc.
US,BWI,PHL,104,US Airways Inc.
US,CLT,PBI,336,US Airways Inc.
US,IND,CLT,72,US Airways Inc.
US,ROC,CLT,56,US Airways Inc.
US,PHX,HNL,96,US Airways Inc.
US,DTW,PHL,56,US Airways Inc.
US,PHL,SEA,56,US Airways Inc.
US,PIT,DFW,2,US Airways Inc.
US,PHX,JFK,170,US Airways Inc.
US,PVD,PHL,184,US Airways Inc.
US,LAX,PHX,344,US Airways Inc.
US,MCO,CLT,504,US Airways Inc.
US,IAH,CLT,326,US Airways Inc.
US,SMF,PHX,256,US Airways Inc.
US,MIA,CLT,360,US Airways Inc.
US,PHL,DEN,98,US Airways Inc.
US,BDL,DCA,56,US Airways Inc.
US,LAX,PHL,220,US Airways Inc.
US,LGA,BOS,760,US Airways Inc.
US,LAS,PHL,272,US Airways Inc.
US,MHT,PHL,48,US Airways Inc.
US,STX,CLT,8,US Airways Inc.
US,CLT,FLL,448,US Airways Inc.
US,STL,CLT,112,US Airways Inc.
US,PHL,BUF,72,US Airways Inc.
US,BDL,CLT,256,US Airways Inc.
US,MCO,DCA,262,US Airways Inc.
US,MEM,CLT,32,US Airways Inc.
US,LGA,PHL,52,US Airways Inc.
US,CLT,MDT,96,US Airways Inc.
US,LAX,LAS,168,US Airways Inc.
US,RSW,CLT,355,US Airways Inc.
US,BUF,CLT,204,US Airways Inc.
US,PVD,DCA,48,US Airways Inc.
US,DCA,DFW,14,US Airways Inc.
US,PHL,IND,64,US Airways Inc.
US,PHX,ABQ,39,US Airways Inc.
US,MIA,PHL,192,US Airways Inc.
US,SYR,CLT,144,US Airways Inc.
US,ALB,CLT,112,US Airways Inc.
US,DCA,CLT,476,US Airways Inc.
US,ATL,PHX,176,US Airways Inc.
US,MYR,CLT,152,US Airways Inc.
US,PHX,DCA,168,US Airways Inc.
US,OAK,PHX,263,US Airways Inc.
US,SEA,PHX,288,US Airways Inc.
US,DCA,BUF,24,US Airways Inc.
US,PHL,JAX,156,US Airways Inc.
US,IAH,PHX,230,US Airways Inc.
US,MSY,CLT,200,US Airways Inc.
US,CLT,PVD,240,US Airways Inc.
US,BOI,PHX,112,US Airways Inc.
US,CLE,CLT,96,US Airways Inc.
US,CHS,CLT,40,US Airways Inc.
US,CLT,SEA,56,US Airways Inc.
US,RIC,CLT,188,US Airways Inc.
US,MCO,PHX,120,US Airways Inc.
US,PHX,PDX,288,US Airways Inc.
US,PHX,MKE,112,US Airways Inc.
US,CLT,SAN,56,US Airways Inc.
US,PHX,BWI,120,US Airways Inc.
US,CLT,SJU,152,US Airways Inc.
US,SFO,CLT,168,US Airways Inc.
US,MCO,PHL,386,US Airways Inc.
US,PHX,MSP,232,US Airways Inc.
US,MSP,PHL,104,US Airways Inc.
US,PHX,BOS,176,US Airways Inc.
US,CLT,PHL,539,US Airways Inc.
US,DEN,CLT,280,US Airways Inc.
US,GEG,PHX,112,US Airways Inc.
US,SLC,PHX,264,US Airways Inc.
US,CLT,PWM,56,US Airways Inc.
US,PHX,CMH,110,US Airways Inc.
US,MCI,PHX,154,US Airways Inc.
US,LIH,PHX,42,US Airways Inc.
US,JFK,CLT,160,US Airways Inc.
US,CLT,DFW,426,US Airways Inc.
US,CLT,ABE,56,US Airways Inc.
US,PHX,ORD,282,US Airways Inc.
US,DCA,LGA,772,US Airways Inc.
US,ORD,PHL,372,US Airways Inc.
US,PHX,CLT,392,US Airways Inc.
US,BOS,PHL,746,US Airways Inc.
US,ATL,PHL,216,US Airways Inc.
US,CLT,ORF,56,US Airways Inc.
US,TPA,DCA,212,US Airways Inc.
US,CLT,ORD,440,US Airways Inc.
US,OMA,PHX,108,US Airways Inc.
US,SAT,CLT,56,US Airways Inc.
US,PHX,DTW,176,US Airways Inc.
US,DCA,BOS,744,US Airways Inc.
US,CLT,ATL,408,US Airways Inc.
US,CLT,MSP,152,US Airways Inc.
AA,DFW,SJU,120,American Airlines Inc.
AA,MSP,DFW,326,American Airlines Inc.
AA,LGA,ORD,860,American Airlines Inc.
AA,TPA,JFK,56,American Airlines Inc.
AA,STT,BOS,44,American Airlines Inc.
AA,PHX,DFW,550,American Airlines Inc.
AA,ORD,LAX,496,American Airlines Inc.
AA,DCA,STL,200,American Airlines Inc.
AA,ORD,SEA,214,American Airlines Inc.
AA,XNA,DFW,50,American Airlines Inc.
AA,ORD,DFW,825,American Airlines Inc.
AA,ORD,LAS,280,American Airlines Inc.
AA,DEN,DFW,558,American Airlines Inc.
AA,HDN,ORD,48,American Airlines Inc.
AA,LAX,DFW,914,American Airlines Inc.
AA,BNA,LGA,102,American Airlines Inc.
AA,FAT,DFW,112,American Airlines Inc.
AA,AUS,JFK,56,American Airlines Inc.
AA,PHL,MIA,168,American Airlines Inc.
AA,SJU,PHL,56,American Airlines Inc.
AA,SFO,MIA,168,American Airlines Inc.
AA,DFW,LAS,569,American Airlines Inc.
AA,RNO,DFW,150,American Airlines Inc.
AA,DFW,ELP,434,American Airlines Inc.
AA,LAX,SFO,336,American Airlines Inc.
AA,ORD,SFO,326,American Airlines Inc.
AA,MCO,DFW,500,American Airlines Inc.
AA,ORD,EGE,64,American Airlines Inc.
AA,MCO,ORD,224,American Airlines Inc.
AA,IAH,DFW,324,American Airlines Inc.
AA,DFW,BOS,422,American Airlines Inc.
AA,MTJ,DFW,16,American Airlines Inc.
AA,ORD,SNA,152,American Airlines Inc.
AA,OKC,DFW,390,American Airlines Inc.
AA,HSV,DFW,158,American Airlines Inc.
AA,DFW,RDU,278,American Airlines Inc.
AA,DFW,BHM,168,American Airlines Inc.
AA,PHX,MIA,56,American Airlines Inc.
AA,ORD,MSY,149,American Airlines Inc.
AA,DFW,PDX,224,American Airlines Inc.
AA,ORD,MSP,160,American Airlines Inc.
AA,FLL,ORD,168,American Airlines Inc.
AA,DFW,IAD,308,American Airlines Inc.
AA,CMH,DFW,104,American Airlines Inc.
AA,OGG,LAX,112,American Airlines Inc.
AA,MCI,DFW,436,American Airlines Inc.
AA,DFW,SNA,578,American Airlines Inc.
AA,AUS,LAX,162,American Airlines Inc.
AA,MCI,ORD,214,American Airlines Inc.
AA,SJU,BWI,56,American Airlines Inc.
AA,OGG,DFW,56,American Airlines Inc.
AA,DFW,LGA,776,American Airlines Inc.
AA,MIA,DFW,560,American Airlines Inc.
AA,LGA,MIA,615,American Airlines Inc.
AA,TUL,MIA,4,American Airlines Inc.
AA,MIA,JFK,392,American Airlines Inc.
AA,ORD,BOS,430,American Airlines Inc.
AA,EGE,LAX,56,American Airlines Inc.
AA,EGE,JFK,56,American Airlines Inc.
AA,BDL,MIA,112,American Airlines Inc.
AA,SLC,DFW,280,American Airlines Inc.
AA,JFK,SAN,56,American Airlines Inc.
AA,JAC,ORD,56,American Airlines Inc.
AA,DFW,ONT,222,American Airlines Inc.
AA,ATL,MIA,224,American Airlines Inc.
AA,MIA,DTW,112,American Airlines Inc.
AA,DFW,PIT,170,American Airlines Inc.
AA,DFW,TPA,392,American Airlines Inc.
AA,SAT,DFW,826,American Airlines Inc.
AA,EWR,DFW,310,American Airlines Inc.
AA,SJU,BOS,56,American Airlines Inc.
AA,DFW,COS,278,American Airlines Inc.
AA,STL,DFW,486,American Airlines Inc.
AA,EWR,ORD,168,American Airlines Inc.
AA,EGE,MIA,48,American Airlines Inc.
AA,MIA,DEN,112,American Airlines Inc.
AA,DCA,ORD,324,American Airlines Inc.
AA,DFW,HDN,64,American Airlines Inc.
AA,DFW,IND,278,American Airlines Inc.
AA,SAN,ORD,224,American Airlines Inc.
AA,SJU,TPA,56,American Airlines Inc.
AA,DFW,JAX,216,American Airlines Inc.
AA,SAN,DFW,500,American Airlines Inc.
AA,LAX,LAS,222,American Airlines Inc.
AA,STL,ORD,483,American Airlines Inc.
AA,DTW,DFW,260,American Airlines Inc.
AA,AUS,DFW,820,American Airlines Inc.
AA,MIA,TPA,298,American Airlines Inc.
AA,FLL,DFW,336,American Airlines Inc.
AA,LAX,LIH,56,American Airlines Inc.
AA,DFW,ICT,214,American Airlines Inc.
AA,LAS,MIA,168,American Airlines Inc.
AA,SAT,ORD,112,American Airlines Inc.
AA,SFO,DFW,526,American Airlines Inc.
AA,DFW,CLT,360,American Airlines Inc.
AA,MIA,BOS,392,American Airlines Inc.
AA,SJU,BDL,56,American Airlines Inc.
AA,ORD,PSP,64,American Airlines Inc.
AA,ORD,RSW,168,American Airlines Inc.
AA,BNA,LAX,56,American Airlines Inc.
AA,JFK,ORD,56,American Airlines Inc.
AA,HNL,SFO,56,American Airlines Inc.
AA,MIA,EWR,168,American Airlines Inc.
AA,EGE,DFW,136,American Airlines Inc.
AA,KOA,LAX,56,American Airlines Inc.
AA,LAX,MCO,56,American Airlines Inc.
AA,ORD,PBI,150,American Airlines Inc.
AA,DFW,SEA,392,American Airlines Inc.
AA,SJU,ORD,112,American Airlines Inc.
AA,MIA,IAD,112,American Airlines Inc.
AA,SJC,DFW,318,American Airlines Inc.
AA,LAX,EWR,54,American Airlines Inc.
AA,RNO,ORD,56,American Airlines Inc.
AA,DFW,SMF,224,American Airlines Inc.
AA,ORD,DEN,112,American Airlines Inc.
AA,MIA,IAH,168,American Airlines Inc.
AA,RIC,DFW,166,American Airlines Inc.
AA,MIA,BWI,112,American Airlines Inc.
AA,SJC,ORD,112,American Airlines Inc.
AA,SDF,DFW,164,American Airlines Inc.
AA,DFW,BDL,162,American Airlines Inc.
AA,BNA,DFW,436,American Airlines Inc.
AA,IAD,SJU,56,American Airlines Inc.
AA,DFW,JAC,24,American Airlines Inc.
AA,MIA,BNA,56,American Airlines Inc.
AA,BWI,DFW,326,American Airlines Inc.
AA,MFE,DFW,214,American Airlines Inc.
AA,STL,LGA,206,American Airlines Inc.
AA,PHL,DFW,322,American Airlines Inc.
AA,MIA,STT,112,American Airlines Inc.
AA,BUR,DFW,208,American Airlines Inc.
AA,TUS,ORD,112,American Airlines Inc.
AA,DCA,MIA,504,American Airlines Inc.
AA,HNL,ORD,46,American Airlines Inc.
AA,MIA,STX,62,American Airlines Inc.
AA,ORD,AUS,166,American Airlines Inc.
AA,DFW,PSP,168,American Airlines Inc.
AA,LAX,IAD,166,American Airlines Inc.
AA,DFW,ABQ,444,American Airlines Inc.
AA,MIA,STL,168,American Airlines Inc.
AA,DFW,RSW,168,American Airlines Inc.
AA,DFW,HNL,112,American Airlines Inc.
AA,JFK,FLL,112,American Airlines Inc.
AA,MIA,MCO,448,American Airlines Inc.
AA,LAX,MIA,392,American Airlines Inc.
AA,LAX,HNL,216,American Airlines Inc.
AA,RDU,ORD,156,American Airlines Inc.
AA,DFW,TUL,390,American Airlines Inc.
AA,MCO,JFK,224,American Airlines Inc.
AA,DFW,TUS,419,American Airlines Inc.
AA,OMA,DFW,272,American Airlines Inc.
AA,DFW,JFK,56,American Airlines Inc.
AA,JFK,LAS,112,American Airlines Inc.
AA,LGA,EGE,8,American Airlines Inc.
AA,JFK,LAX,548,American Airlines Inc.
AA,ORD,TPA,150,American Airlines Inc.
AA,STT,JFK,56,American Airlines Inc.
AA,MEM,DFW,214,American Airlines Inc.
AA,DFW,MSY,336,American Airlines Inc.
AA,TUL,ORD,56,American Airlines Inc.
AA,DFW,DAY,104,American Airlines Inc.
AA,JFK,SJU,168,American Airlines Inc.
AA,ATL,DFW,580,American Airlines Inc.
AA,LAX,SJU,16,American Airlines Inc.
AA,SEA,JFK,56,American Airlines Inc.
AA,MIA,RDU,168,American Airlines Inc.
AA,ORD,PHL,110,American Airlines Inc.
AA,MIA,MSY,168,American Airlines Inc.
AA,SJU,MIA,448,American Airlines Inc.
AA,SFO,JFK,278,American Airlines Inc.
AA,MSP,MIA,56,American Airlines Inc.
AA,DFW,PBI,112,American Airlines Inc.
AA,STL,LAX,166,American Airlines Inc.
AA,ORD,PHX,280,American Airlines Inc.
AA,BOS,LAX,168,American Airlines Inc.
AA,ORD,MIA,505,American Airlines Inc.
AA,DFW,ORF,112,American Airlines Inc.
AA,DFW,DCA,588,American Airlines Inc.
UA,PIT,DEN,92,United Airlines Inc.
UA,IAD,AUS,24,United Airlines Inc.
UA,ORD,LAS,275,United Airlines Inc.
UA,MSP,ORD,240,United Airlines Inc.
UA,ORD,HNL,56,United Airlines Inc.
UA,ORD,SEA,276,United Airlines Inc.
UA,LGA,ORD,758,United Airlines Inc.
UA,MSY,DEN,123,United Airlines Inc.
UA,DEN,SNA,214,United Airlines Inc.
UA,DTW,ORD,64,United Airlines Inc.
UA,ORD,CVG,48,United Airlines Inc.
UA,LIH,LAX,64,United Airlines Inc.
UA,DEN,MSP,166,United Airlines Inc.
UA,PHX,IAD,56,United Airlines Inc.
UA,DEN,SFO,494,United Airlines Inc.
UA,BOS,DEN,168,United Airlines Inc.
UA,OKC,DEN,89,United Airlines Inc.
UA,KOA,ORD,6,United Airlines Inc.
UA,DFW,LAX,2,United Airlines Inc.
UA,DEN,FSD,80,United Airlines Inc.
UA,ROC,ORD,56,United Airlines Inc.
UA,ORD,SFO,512,United Airlines Inc.
UA,ICT,DEN,52,United Airlines Inc.
UA,MCO,ORD,326,United Airlines Inc.
UA,IAD,SAN,168,United Airlines Inc.
UA,ORD,BDL,164,United Airlines Inc.
UA,CMH,DEN,66,United Airlines Inc.
UA,ALB,ORD,83,United Airlines Inc.
UA,IAD,TPA,164,United Airlines Inc.
UA,DEN,PHL,108,United Airlines Inc.
UA,KOA,DEN,8,United Airlines Inc.
UA,ABQ,DEN,33,United Airlines Inc.
UA,JFK,LAX,327,United Airlines Inc.
UA,RNO,DEN,123,United Airlines Inc.
UA,BOS,SFO,270,United Airlines Inc.
UA,SFO,LAX,798,United Airlines Inc.
UA,ORD,PVD,90,United Airlines Inc.
UA,GRR,ORD,68,United Airlines Inc.
UA,DEN,IAD,414,United Airlines Inc.
UA,SFO,IAD,417,United Airlines Inc.
UA,LAX,DEN,460,United Airlines Inc.
UA,DEN,IAH,44,United Airlines Inc.
UA,PIT,LAX,56,United Airlines Inc.
UA,LAX,BWI,56,United Airlines Inc.
UA,SFO,PHL,96,United Airlines Inc.
UA,PIT,ORD,140,United Airlines Inc.
UA,EWR,DEN,76,United Airlines Inc.
UA,MCI,DEN,112,United Airlines Inc.
UA,IAD,SJU,96,United Airlines Inc.
UA,ORD,STT,8,United Airlines Inc.
UA,IAD,MIA,35,United Airlines Inc.
UA,MCI,ORD,8,United Airlines Inc.
UA,BOI,ORD,12,United Airlines Inc.
UA,ORD,RIC,56,United Airlines Inc.
UA,DEN,BZN,56,United Airlines Inc.
UA,SFO,BWI,56,United Airlines Inc.
UA,MSY,IAD,90,United Airlines Inc.
UA,ORD,BOS,360,United Airlines Inc.
UA,SNA,SFO,190,United Airlines Inc.
UA,JAC,ORD,54,United Airlines Inc.
UA,DEN,SLC,82,United Airlines Inc.
UA,SFO,SEA,308,United Airlines Inc.
UA,EWR,SFO,56,United Airlines Inc.
UA,DEN,OAK,98,United Airlines Inc.
UA,IAD,BDL,136,United Airlines Inc.
UA,SFO,LIH,64,United Airlines Inc.
UA,DEN,LGA,250,United Airlines Inc.
UA,ATL,IAD,14,United Airlines Inc.
UA,PIT,SFO,56,United Airlines Inc.
UA,LAX,ORD,554,United Airlines Inc.
UA,OGG,SFO,120,United Airlines Inc.
UA,PDX,SFO,146,United Airlines Inc.
UA,IAD,STT,17,United Airlines Inc.
UA,IAH,ORD,88,United Airlines Inc.
UA,EGE,DEN,112,United Airlines Inc.
UA,IAH,IAD,24,United Airlines Inc.
UA,ORD,PDX,244,United Airlines Inc.
UA,PSP,DEN,32,United Airlines Inc.
UA,SMF,IAD,56,United Airlines Inc.
UA,LAS,SFO,311,United Airlines Inc.
UA,LAS,LAX,207,United Airlines Inc.
UA,MIA,DEN,64,United Airlines Inc.
UA,DCA,ORD,582,United Airlines Inc.
UA,SFO,MSY,23,United Airlines Inc.
UA,DFW,DEN,185,United Airlines Inc.
UA,SAN,ORD,238,United Airlines Inc.
UA,LAX,HNL,176,United Airlines Inc.
UA,DEN,BOI,64,United Airlines Inc.
UA,DEN,SEA,248,United Airlines Inc.
UA,JFK,SFO,384,United Airlines Inc.
UA,SFO,SLC,24,United Airlines Inc.
UA,ORD,BWI,198,United Airlines Inc.
UA,DEN,LIH,8,United Airlines Inc.
UA,IAD,ABQ,56,United Airlines Inc.
UA,BUF,ORD,72,United Airlines Inc.
UA,SJC,DEN,127,United Airlines Inc.
UA,MCO,SFO,56,United Airlines Inc.
UA,LAX,MSY,56,United Airlines Inc.
UA,SFO,DFW,66,United Airlines Inc.
UA,IAD,DFW,84,United Airlines Inc.
UA,BWI,DEN,198,United Airlines Inc.
UA,IAD,ORD,386,United Airlines Inc.
UA,KOA,LAX,80,United Airlines Inc.
UA,JAX,ORD,71,United Airlines Inc.
UA,HNL,SFO,212,United Airlines Inc.
UA,ATL,ORD,80,United Airlines Inc.
UA,BOS,IAD,273,United Airlines Inc.
UA,ORD,PHL,212,United Airlines Inc.
UA,ORD,SJU,72,United Airlines Inc.
UA,SMF,DEN,158,United Airlines Inc.
UA,MSP,SFO,56,United Airlines Inc.
UA,EWR,ORD,315,United Airlines Inc.
UA,OGG,LAX,112,United Airlines Inc.
UA,LAS,IAD,141,United Airlines Inc.
UA,SEA,IAD,168,United Airlines Inc.
UA,ORD,MDT,52,United Airlines Inc.
UA,ORD,DEN,530,United Airlines Inc.
UA,GEG,DEN,106,United Airlines Inc.
UA,TPA,DEN,116,United Airlines Inc.
UA,DEN,MTJ,8,United Airlines Inc.
UA,LAX,MCO,80,United Airlines Inc.
UA,HNL,DEN,64,United Airlines Inc.
UA,ORD,CLT,81,United Airlines Inc.
UA,ORD,OGG,6,United Airlines Inc.
UA,PDX,IAD,56,United Airlines Inc.
UA,PHX,SFO,137,United Airlines Inc.
UA,TUL,DEN,100,United Airlines Inc.
UA,SFO,RNO,39,United Airlines Inc.
UA,CMH,ORD,82,United Airlines Inc.
UA,DEN,SAN,263,United Airlines Inc.
UA,ORD,OMA,86,United Airlines Inc.
UA,LAX,PDX,1,United Airlines Inc.
UA,PSP,ORD,24,United Airlines Inc.
UA,AUS,DEN,48,United Airlines Inc.
UA,LAX,IAD,404,United Airlines Inc.
UA,SAT,IAD,64,United Airlines Inc.
UA,DEN,SAT,32,United Airlines Inc.
UA,PDX,DEN,170,United Airlines Inc.
UA,MCO,DEN,228,United Airlines Inc.
UA,SNA,ORD,162,United Airlines Inc.
UA,BIL,DEN,100,United Airlines Inc.
UA,LAS,DEN,295,United Airlines Inc.
UA,DEN,OMA,182,United Airlines Inc.
UA,IAD,MCO,286,United Airlines Inc.
UA,DEN,CLE,24,United Airlines Inc.
UA,SFO,SAN,352,United Airlines Inc.
UA,IAD,RDU,123,United Airlines Inc.
UA,ORD,TPA,212,United Airlines Inc.
UA,CLE,ORD,56,United Airlines Inc.
UA,DEN,OGG,28,United Airlines Inc.
UA,DEN,DSM,88,United Airlines Inc.
UA,STL,SFO,56,United Airlines Inc.
UA,OGG,KOA,6,United Airlines Inc.
UA,STT,SJU,25,United Airlines Inc.
UA,SMF,ORD,112,United Airlines Inc.
UA,DEN,DCA,56,United Airlines Inc.
UA,ONT,DEN,156,United Airlines Inc.
UA,PHX,DEN,296,United Airlines Inc.
UA,KOA,SFO,112,United Airlines Inc.
UA,LAX,PHL,52,United Airlines Inc.
UA,IAH,SFO,48,United Airlines Inc.
UA,RDU,ORD,28,United Airlines Inc.
UA,ORD,PHX,205,United Airlines Inc.
UA,BOS,LAX,108,United Airlines Inc.
UA,MSY,ORD,48,United Airlines Inc.
UA,ORD,DSM,40,United Airlines Inc.
UA,ORD,MIA,56,United Airlines Inc.
UA,JAC,DEN,68,United Airlines Inc.
UA,DFW,ORD,100,United Airlines Inc.
DL,LGA,ATL,840,Delta Air Lines Inc.
DL,SLC,EWR,102,Delta Air Lines Inc.
DL,SLC,LAX,270,Delta Air Lines Inc.
DL,RSW,CVG,112,Delta Air Lines Inc.
DL,MEM,MSY,88,Delta Air Lines Inc.
DL,MSP,DFW,76,Delta Air Lines Inc.
DL,ATL,ONT,56,Delta Air Lines Inc.
DL,TPA,JFK,56,Delta Air Lines Inc.
DL,MEM,MSP,211,Delta Air Lines Inc.
DL,MSP,JFK,55,Delta Air Lines Inc.
DL,SAN,DTW,52,Delta Air Lines Inc.
DL,DTW,MKE,99,Delta Air Lines Inc.
DL,MSP,LAS,368,Delta Air Lines Inc.
DL,DCA,MSP,277,Delta Air Lines Inc.
DL,BDL,MSP,62,Delta Air Lines Inc.
DL,CMH,ATL,328,Delta Air Lines Inc.
DL,BUF,ATL,268,Delta Air Lines Inc.
DL,MEM,SLC,52,Delta Air Lines Inc.
DL,ANC,SLC,56,Delta Air Lines Inc.
DL,ATL,JAN,52,Delta Air Lines Inc.
DL,ATL,PHF,173,Delta Air Lines Inc.
DL,MEM,TPA,56,Delta Air Lines Inc.
DL,SLC,DFW,2,Delta Air Lines Inc.
DL,SLC,SAN,194,Delta Air Lines Inc.
DL,DTW,ORD,250,Delta Air Lines Inc.
DL,MSP,STL,128,Delta Air Lines Inc.
DL,DEN,MSP,308,Delta Air Lines Inc.
DL,ATL,PBI,544,Delta Air Lines Inc.
DL,GRB,MSP,75,Delta Air Lines Inc.
DL,ATL,JAX,644,Delta Air Lines Inc.
DL,BDL,MCO,112,Delta Air Lines Inc.
DL,MEM,STL,54,Delta Air Lines Inc.
DL,MCO,BOS,112,Delta Air Lines Inc.
DL,ORF,ATL,330,Delta Air Lines Inc.
DL,PHL,ATL,518,Delta Air Lines Inc.
DL,SAT,JFK,1,Delta Air Lines Inc.
DL,MSP,ANC,56,Delta Air Lines Inc.
DL,MKE,MSP,290,Delta Air Lines Inc.
DL,RSW,DTW,268,Delta Air Lines Inc.
DL,MSP,EGE,4,Delta Air Lines Inc.
DL,ATL,MTJ,4,Delta Air Lines Inc.
DL,SLC,CVG,112,Delta Air Lines Inc.
DL,SAN,ATL,266,Delta Air Lines Inc.
DL,DTW,CLT,158,Delta Air Lines Inc.
DL,SLC,JAC,99,Delta Air Lines Inc.
DL,ATL,CLE,82,Delta Air Lines Inc.
DL,MSP,IND,135,Delta Air Lines Inc.
DL,DTW,MSY,80,Delta Air Lines Inc.
DL,SJU,JFK,112,Delta Air Lines Inc.
DL,RDU,DTW,118,Delta Air Lines Inc.
DL,LAX,ATL,568,Delta Air Lines Inc.
DL,BOI,SLC,86,Delta Air Lines Inc.
DL,LAX,HNL,168,Delta Air Lines Inc.
DL,HNL,SLC,56,Delta Air Lines Inc.
DL,IAD,ATL,376,Delta Air Lines Inc.
DL,MSP,RDU,4,Delta Air Lines Inc.
DL,LAX,LIH,56,Delta Air Lines Inc.
DL,DFW,DTW,27,Delta Air Lines Inc.
DL,DTW,SFO,162,Delta Air Lines Inc.
DL,ATL,HDN,56,Delta Air Lines Inc.
DL,MIA,DCA,112,Delta Air Lines Inc.
DL,DTW,MCI,54,Delta Air Lines Inc.
DL,LAX,MSP,338,Delta Air Lines Inc.
DL,DTW,MCO,336,Delta Air Lines Inc.
DL,SEA,DTW,160,Delta Air Lines Inc.
DL,PHX,ATL,316,Delta Air Lines Inc.
DL,SAT,DTW,48,Delta Air Lines Inc.
DL,PHL,MSP,182,Delta Air Lines Inc.
DL,ORD,MSP,117,Delta Air Lines Inc.
DL,CVG,LGA,108,Delta Air Lines Inc.
DL,LAX,CVG,130,Delta Air Lines Inc.
DL,SLC,PDX,122,Delta Air Lines Inc.
DL,DTW,GRB,27,Delta Air Lines Inc.
DL,RIC,ATL,398,Delta Air Lines Inc.
DL,ATL,SEA,265,Delta Air Lines Inc.
DL,MSP,ATL,618,Delta Air Lines Inc.
DL,ATL,STT,84,Delta Air Lines Inc.
DL,CVG,FLL,100,Delta Air Lines Inc.
DL,FLL,LGA,332,Delta Air Lines Inc.
DL,SLC,OAK,112,Delta Air Lines Inc.
DL,MEM,PIT,4,Delta Air Lines Inc.
DL,MEM,DFW,2,Delta Air Lines Inc.
DL,OGG,LAX,112,Delta Air Lines Inc.
DL,FLL,MEM,80,Delta Air Lines Inc.
DL,MSP,SEA,280,Delta Air Lines Inc.
DL,DTW,TPA,321,Delta Air Lines Inc.
DL,PHL,DTW,163,Delta Air Lines Inc.
DL,COS,ATL,56,Delta Air Lines Inc.
DL,ATL,HSV,56,Delta Air Lines Inc.
DL,BDL,DTW,54,Delta Air Lines Inc.
DL,MSP,FLL,125,Delta Air Lines Inc.
DL,LAX,CMH,24,Delta Air Lines Inc.
DL,ATL,MHT,33,Delta Air Lines Inc.
DL,ATL,STL,408,Delta Air Lines Inc.
DL,SAN,JFK,104,Delta Air Lines Inc.
DL,JFK,DTW,107,Delta Air Lines Inc.
DL,LAX,MEM,154,Delta Air Lines Inc.
DL,SLC,LAS,341,Delta Air Lines Inc.
DL,ATL,BDL,318,Delta Air Lines Inc.
DL,JFK,MCO,222,Delta Air Lines Inc.
DL,MIA,CVG,56,Delta Air Lines Inc.
DL,CLT,ATL,471,Delta Air Lines Inc.
DL,JFK,PHX,56,Delta Air Lines Inc.
DL,MEM,BWI,42,Delta Air Lines Inc.
DL,FLL,BDL,112,Delta Air Lines Inc.
DL,MSP,TPA,181,Delta Air Lines Inc.
DL,DTW,MIA,162,Delta Air Lines Inc.
DL,LGA,MEM,164,Delta Air Lines Inc.
DL,MSP,HNL,24,Delta Air Lines Inc.
DL,ATL,PWM,81,Delta Air Lines Inc.
DL,SLC,SNA,228,Delta Air Lines Inc.
DL,SFO,LAX,112,Delta Air Lines Inc.
DL,SNA,ATL,258,Delta Air Lines Inc.
DL,DTW,BOS,285,Delta Air Lines Inc.
DL,MEM,MCO,168,Delta Air Lines Inc.
DL,CVG,JFK,56,Delta Air Lines Inc.
DL,MSN,MSP,110,Delta Air Lines Inc.
DL,DTW,SLC,224,Delta Air Lines Inc.
DL,AUS,ATL,310,Delta Air Lines Inc.
DL,SJU,ATL,288,Delta Air Lines Inc.
DL,MEM,MCI,10,Delta Air Lines Inc.
DL,SFO,ATL,312,Delta Air Lines Inc.
DL,MSP,RSW,213,Delta Air Lines Inc.
DL,ATL,DFW,544,Delta Air Lines Inc.
DL,DTW,DEN,168,Delta Air Lines Inc.
DL,FAR,MSP,116,Delta Air Lines Inc.
DL,LGA,MSY,152,Delta Air Lines Inc.
DL,LAX,LAS,74,Delta Air Lines Inc.
DL,DTW,PHX,216,Delta Air Lines Inc.
DL,SAT,ATL,415,Delta Air Lines Inc.
DL,ATL,ABQ,112,Delta Air Lines Inc.
DL,ATL,OMA,25,Delta Air Lines Inc.
DL,CVG,DEN,56,Delta Air Lines Inc.
DL,MCO,LAX,112,Delta Air Lines Inc.
DL,MEM,LAS,110,Delta Air Lines Inc.
DL,GRR,DTW,56,Delta Air Lines Inc.
DL,LIT,ATL,56,Delta Air Lines Inc.
DL,BDL,TPA,56,Delta Air Lines Inc.
DL,LAS,SNA,52,Delta Air Lines Inc.
DL,DCA,ATL,838,Delta Air Lines Inc.
DL,MSP,PSP,4,Delta Air Lines Inc.
DL,SEA,HNL,56,Delta Air Lines Inc.
DL,SNA,MSP,146,Delta Air Lines Inc.
DL,TPA,CVG,112,Delta Air Lines Inc.
DL,ELP,ATL,80,Delta Air Lines Inc.
DL,DTW,BWI,306,Delta Air Lines Inc.
DL,ALB,ATL,52,Delta Air Lines Inc.
DL,CVG,SFO,48,Delta Air Lines Inc.
DL,ATL,TUS,104,Delta Air Lines Inc.
DL,JFK,ATL,372,Delta Air Lines Inc.
DL,MCO,SLC,100,Delta Air Lines Inc.
DL,JFK,SFO,272,Delta Air Lines Inc.
DL,SEA,JFK,128,Delta Air Lines Inc.
DL,DCA,MCO,212,Delta Air Lines Inc.
DL,LGA,BOS,622,Delta Air Lines Inc.
DL,BZN,MSP,58,Delta Air Lines Inc.
DL,DTW,LGA,479,Delta Air Lines Inc.
DL,MSP,LGA,329,Delta Air Lines Inc.
DL,BOS,SLC,102,Delta Air Lines Inc.
DL,ATL,PVD,158,Delta Air Lines Inc.
DL,ATL,MSY,582,Delta Air Lines Inc.
DL,ATL,DAY,212,Delta Air Lines Inc.
DL,GEG,SLC,112,Delta Air Lines Inc.
DL,DTW,IND,168,Delta Air Lines Inc.
DL,MSP,BOI,26,Delta Air Lines Inc.
DL,ATL,PIT,319,Delta Air Lines Inc.
DL,EWR,ATL,558,Delta Air Lines Inc.
DL,ATL,TPA,634,Delta Air Lines Inc.
DL,SAV,ATL,384,Delta Air Lines Inc.
DL,MKE,ATL,322,Delta Air Lines Inc.
DL,ATL,SRQ,334,Delta Air Lines Inc.
DL,DFW,JFK,1,Delta Air Lines Inc.
DL,DEN,ATL,460,Delta Air Lines Inc.
DL,ATL,JAC,12,Delta Air Lines Inc.
DL,LAX,TPA,52,Delta Air Lines Inc.
DL,LGA,JAX,52,Delta Air Lines Inc.
DL,MSP,BIL,23,Delta Air Lines Inc.
DL,LGA,PBI,208,Delta Air Lines Inc.
DL,SFO,HNL,48,Delta Air Lines Inc.
DL,DCA,SLC,56,Delta Air Lines Inc.
DL,BOS,JFK,4,Delta Air Lines Inc.
DL,SMF,MSP,96,Delta Air Lines Inc.
DL,IAH,ATL,266,Delta Air Lines Inc.
DL,RSW,LGA,154,Delta Air Lines Inc.
DL,MLB,ATL,150,Delta Air Lines Inc.
DL,MIA,MEM,106,Delta Air Lines Inc.
DL,MCO,CVG,162,Delta Air Lines Inc.
DL,DEN,JFK,56,Delta Air Lines Inc.
DL,KOA,LAX,56,Delta Air Lines Inc.
DL,ATL,FNT,114,Delta Air Lines Inc.
DL,BOS,MSP,262,Delta Air Lines Inc.
DL,DTW,SJU,8,Delta Air Lines Inc.
DL,ATL,ORD,481,Delta Air Lines Inc.
DL,ATL,STX,10,Delta Air Lines Inc.
DL,STL,SLC,56,Delta Air Lines Inc.
DL,CLT,MEM,50,Delta Air Lines Inc.
DL,MCI,MSP,104,Delta Air Lines Inc.
DL,ATL,SDF,87,Delta Air Lines Inc.
DL,JAX,DTW,2,Delta Air Lines Inc.
DL,MSP,GRR,125,Delta Air Lines Inc.
DL,DAB,ATL,241,Delta Air Lines Inc.
DL,LAX,FLL,48,Delta Air Lines Inc.
DL,ATL,GRR,23,Delta Air Lines Inc.
DL,IND,SLC,50,Delta Air Lines Inc.
DL,MSP,SFO,260,Delta Air Lines Inc.
DL,MSP,OMA,14,Delta Air Lines Inc.
DL,LIT,MEM,33,Delta Air Lines Inc.
DL,ATL,SLC,473,Delta Air Lines Inc.
DL,MEM,ORD,48,Delta Air Lines Inc.
DL,FLL,ATL,778,Delta Air Lines Inc.
DL,ATL,OKC,19,Delta Air Lines Inc.
DL,ATL,MCO,888,Delta Air Lines Inc.
DL,ATL,MCI,392,Delta Air Lines Inc.
DL,DTW,STL,155,Delta Air Lines Inc.
DL,MSP,IAD,4,Delta Air Lines Inc.
DL,SLC,RNO,110,Delta Air Lines Inc.
DL,PBI,DTW,157,Delta Air Lines Inc.
DL,EWR,DTW,76,Delta Air Lines Inc.
DL,EWR,MSP,52,Delta Air Lines Inc.
DL,DTW,LAS,316,Delta Air Lines Inc.
DL,ECP,ATL,110,Delta Air Lines Inc.
DL,ATL,GPT,50,Delta Air Lines Inc.
DL,LGA,MCO,328,Delta Air Lines Inc.
DL,ATL,BZN,12,Delta Air Lines Inc.
DL,BNA,DTW,105,Delta Air Lines Inc.
DL,SLC,MSP,244,Delta Air Lines Inc.
DL,CVG,PHX,56,Delta Air Lines Inc.
DL,DCA,DTW,312,Delta Air Lines Inc.
DL,ATL,TLH,56,Delta Air Lines Inc.
DL,CVG,BOS,28,Delta Air Lines Inc.
DL,EGE,ATL,56,Delta Air Lines Inc.
DL,ATL,HOU,158,Delta Air Lines Inc.
DL,MSP,SAN,164,Delta Air Lines Inc.
DL,IND,LAX,36,Delta Air Lines Inc.
DL,BDL,PBI,56,Delta Air Lines Inc.
DL,BDL,RSW,56,Delta Air Lines Inc.
DL,SLC,SEA,254,Delta Air Lines Inc.
DL,PIT,DTW,2,Delta Air Lines Inc.
DL,CHS,ATL,372,Delta Air Lines Inc.
DL,IND,ATL,413,Delta Air Lines Inc.
DL,ATL,MDW,374,Delta Air Lines Inc.
DL,ATL,SYR,23,Delta Air Lines Inc.
DL,SJC,ATL,46,Delta Air Lines Inc.
DL,LAX,DTW,301,Delta Air Lines Inc.
DL,ATL,EYW,112,Delta Air Lines Inc.
DL,LAS,ATL,430,Delta Air Lines Inc.
DL,SRQ,DTW,56,Delta Air Lines Inc.
DL,MSP,SAT,24,Delta Air Lines Inc.
DL,ATL,ROC,164,Delta Air Lines Inc.
DL,PNS,ATL,412,Delta Air Lines Inc.
DL,JFK,FLL,168,Delta Air Lines Inc.
DL,CVG,LAS,88,Delta Air Lines Inc.
DL,DTW,MSN,67,Delta Air Lines Inc.
DL,PHX,MSP,332,Delta Air Lines Inc.
DL,TPA,LGA,206,Delta Air Lines Inc.
DL,ATL,DTW,523,Delta Air Lines Inc.
DL,SLC,JFK,220,Delta Air Lines Inc.
DL,MSP,SJU,8,Delta Air Lines Inc.
DL,MEM,SEA,36,Delta Air Lines Inc.
DL,RSW,ATL,448,Delta Air Lines Inc.
DL,JFK,STT,8,Delta Air Lines Inc.
DL,PDX,MSP,160,Delta Air Lines Inc.
DL,ATL,BWI,526,Delta Air Lines Inc.
DL,MSP,TUS,40,Delta Air Lines Inc.
DL,IAD,SLC,56,Delta Air Lines Inc.
DL,SLC,SMF,57,Delta Air Lines Inc.
DL,RDU,ATL,586,Delta Air Lines Inc.
DL,SLC,PHX,168,Delta Air Lines Inc.
DL,IAH,MSP,52,Delta Air Lines Inc.
DL,MEM,PHX,100,Delta Air Lines Inc.
DL,JFK,LAS,252,Delta Air Lines Inc.
DL,JFK,LAX,372,Delta Air Lines Inc.
DL,SLC,PHL,98,Delta Air Lines Inc.
DL,BWI,SLC,100,Delta Air Lines Inc.
DL,GSO,ATL,52,Delta Air Lines Inc.
DL,MSP,DTW,466,Delta Air Lines Inc.
DL,ATL,BNA,276,Delta Air Lines Inc.
DL,SMF,ATL,88,Delta Air Lines Inc.
DL,ATL,MEM,423,Delta Air Lines Inc.
DL,GEG,MSP,104,Delta Air Lines Inc.
DL,MSP,BWI,128,Delta Air Lines Inc.
DL,SEA,CVG,42,Delta Air Lines Inc.
DL,ATL,HNL,56,Delta Air Lines Inc.
DL,MSP,ABQ,56,Delta Air Lines Inc.
DL,ATL,CVG,348,Delta Air Lines Inc.
DL,BOS,ATL,579,Delta Air Lines Inc.
DL,MSY,LAX,88,Delta Air Lines Inc.
DL,PDX,JFK,56,Delta Air Lines Inc.
DL,BHM,ATL,152,Delta Air Lines Inc.
DL,MCO,MSP,269,Delta Air Lines Inc.
DL,TPA,DCA,108,Delta Air Lines Inc.
DL,SJC,MSP,96,Delta Air Lines Inc.
DL,MIA,MSP,112,Delta Air Lines Inc.
DL,MIA,JFK,272,Delta Air Lines Inc.
DL,ATL,PDX,146,Delta Air Lines Inc.
DL,MIA,ATL,608,Delta Air Lines Inc.
DL,DCA,MEM,100,Delta Air Lines Inc.
DL,DTW,MEM,218,Delta Air Lines Inc.
DL,FLL,DTW,314,Delta Air Lines Inc.
DL,CLT,MSP,89,Delta Air Lines Inc.
